id,gold,pred,prob_neutral,prob_positive,prob_negative
test-0,neutral,positive,0.1161,0.8709,0.013
test-1,neutral,neutral,0.8085,0.0387,0.1527
test-2,neutral,neutral,0.6986,0.0569,0.2445
test-3,negative,negative,0.3468,0.0203,0.6329
test-4,positive,neutral,0.7517,0.2094,0.0389
test-5,negative,neutral,0.892,0.0527,0.0553
test-6,negative,positive,0.1098,0.8764,0.0137
test-7,positive,neutral,0.8406,0.1109,0.0485
test-8,negative,negative,0.2241,0.0147,0.7612
test-9,negative,negative,0.1103,0.0901,0.7996
test-10,neutral,neutral,0.5572,0.4109,0.0319
test-11,positive,positive,0.0292,0.961,0.0098
test-12,neutral,positive,0.1266,0.8541,0.0193
test-13,positive,positive,0.0237,0.9664,0.0099
test-14,positive,positive,0.2773,0.6999,0.0229
test-15,positive,positive,0.0222,0.9677,0.0101
test-16,neutral,neutral,0.8951,0.0474,0.0574
test-17,positive,positive,0.0384,0.9512,0.0104
test-18,neutral,neutral,0.8255,0.028,0.1465
test-19,negative,neutral,0.8146,0.0537,0.1317
test-20,positive,neutral,0.6821,0.2569,0.061
test-21,positive,positive,0.027,0.9616,0.0115
test-22,positive,positive,0.0881,0.9004,0.0115
test-23,positive,positive,0.0245,0.964,0.0115
test-24,negative,negative,0.1028,0.0174,0.8798
test-25,positive,positive,0.0242,0.965,0.0109
test-26,neutral,neutral,0.8457,0.0325,0.1217
test-27,positive,positive,0.0309,0.9604,0.0087
test-28,positive,neutral,0.6173,0.3462,0.0365
test-29,positive,positive,0.0408,0.9495,0.0098
test-30,neutral,positive,0.0258,0.9651,0.0091
test-31,negative,neutral,0.8255,0.0308,0.1437
test-32,negative,negative,0.1447,0.0349,0.8204
test-33,negative,neutral,0.5731,0.0237,0.4032
test-34,positive,positive,0.0271,0.9625,0.0104
test-35,negative,neutral,0.7093,0.2237,0.067
test-36,positive,positive,0.0245,0.9644,0.0111
test-37,negative,negative,0.1628,0.0123,0.8249
test-38,positive,positive,0.0295,0.9606,0.0099
test-39,neutral,neutral,0.7778,0.0239,0.1984
test-40,positive,neutral,0.7552,0.2035,0.0413
test-41,positive,positive,0.0238,0.9663,0.0099
test-42,positive,neutral,0.8275,0.1167,0.0559
test-43,positive,positive,0.0283,0.9628,0.0089
test-44,neutral,negative,0.0422,0.0131,0.9448
test-45,positive,positive,0.0249,0.9624,0.0127
test-46,neutral,neutral,0.8301,0.0797,0.0903
test-47,negative,negative,0.0389,0.0158,0.9454
test-48,negative,negative,0.0471,0.0139,0.939
test-49,neutral,neutral,0.7672,0.1722,0.0606
test-50,negative,negative,0.1719,0.0205,0.8075
test-51,negative,positive,0.0354,0.9569,0.0077
test-52,neutral,neutral,0.6172,0.3503,0.0325
test-53,positive,positive,0.0449,0.9452,0.0099
test-54,negative,negative,0.0763,0.011,0.9128
test-55,negative,negative,0.0373,0.016,0.9467
test-56,positive,neutral,0.6572,0.1178,0.2249
test-57,positive,positive,0.2585,0.7166,0.0249
test-58,positive,neutral,0.8656,0.084,0.0504
test-59,neutral,negative,0.0455,0.0161,0.9384
test-60,positive,positive,0.0373,0.9543,0.0084
test-61,positive,positive,0.0963,0.8911,0.0125
test-62,neutral,positive,0.0453,0.9433,0.0113
test-63,neutral,positive,0.0949,0.887,0.0181
test-64,positive,positive,0.0676,0.9227,0.0096
test-65,positive,neutral,0.7,0.0404,0.2595
test-66,negative,negative,0.0871,0.0108,0.9021
test-67,positive,positive,0.0236,0.9651,0.0113
test-68,neutral,positive,0.0945,0.8744,0.0311
test-69,positive,positive,0.0246,0.964,0.0114
test-70,positive,positive,0.0982,0.8899,0.0119
test-71,positive,positive,0.0259,0.964,0.0101
test-72,neutral,neutral,0.8859,0.0601,0.054
test-73,negative,negative,0.0437,0.0118,0.9445
test-74,positive,neutral,0.7683,0.1969,0.0348
test-75,negative,negative,0.0414,0.0154,0.9432
test-76,negative,negative,0.0404,0.0119,0.9477
test-77,positive,neutral,0.4713,0.3861,0.1426
test-78,neutral,negative,0.3907,0.0227,0.5865
test-79,positive,positive,0.0248,0.9617,0.0135
test-80,positive,positive,0.0715,0.9123,0.0162
test-81,positive,positive,0.079,0.9056,0.0155
test-82,negative,negative,0.3655,0.0223,0.6122
test-83,negative,negative,0.1461,0.0811,0.7728
test-84,positive,neutral,0.5443,0.0368,0.419
test-85,positive,positive,0.0362,0.956,0.0078
test-86,positive,positive,0.0367,0.9545,0.0088
test-87,neutral,neutral,0.7784,0.049,0.1727
test-88,negative,negative,0.2657,0.0302,0.7041
test-89,neutral,positive,0.0288,0.9614,0.0098
test-90,neutral,neutral,0.5155,0.1007,0.3838
test-91,negative,positive,0.0397,0.9515,0.0088
test-92,negative,neutral,0.352,0.3231,0.3249
test-93,negative,negative,0.047,0.0136,0.9394
test-94,negative,negative,0.2569,0.0197,0.7234
test-95,positive,negative,0.0565,0.0125,0.9311
test-96,negative,negative,0.256,0.0218,0.7222
test-97,positive,positive,0.0232,0.9653,0.0115
test-98,positive,positive,0.03,0.9614,0.0086
test-99,negative,negative,0.0831,0.0112,0.9056
test-100,positive,negative,0.0762,0.0105,0.9133
test-101,negative,negative,0.0561,0.0102,0.9337
test-102,negative,neutral,0.5214,0.0274,0.4512
test-103,positive,positive,0.0305,0.9606,0.0089
test-104,neutral,neutral,0.8805,0.0666,0.0529
test-105,positive,positive,0.0507,0.9403,0.0089
test-106,negative,positive,0.1652,0.8086,0.0262
test-107,negative,neutral,0.5357,0.0305,0.4338
test-108,positive,positive,0.2656,0.6909,0.0435
test-109,neutral,neutral,0.7003,0.2617,0.038
test-110,negative,negative,0.0693,0.0109,0.9198
test-111,negative,negative,0.0411,0.0121,0.9468
test-112,negative,negative,0.0545,0.0109,0.9346
test-113,neutral,neutral,0.7517,0.0274,0.2209
test-114,positive,neutral,0.8458,0.112,0.0421
test-115,negative,negative,0.4359,0.0195,0.5446
test-116,neutral,positive,0.0666,0.9225,0.0109
test-117,negative,positive,0.3663,0.597,0.0367
test-118,positive,positive,0.0765,0.912,0.0115
test-119,negative,negative,0.2924,0.0305,0.6772
test-120,positive,positive,0.0227,0.967,0.0103
test-121,neutral,neutral,0.6036,0.3647,0.0317
test-122,neutral,positive,0.0768,0.9141,0.0091
test-123,positive,positive,0.0357,0.9548,0.0095
test-124,negative,neutral,0.7879,0.0303,0.1817
test-125,negative,positive,0.0276,0.9616,0.0108
test-126,negative,neutral,0.8482,0.0505,0.1013
test-127,negative,negative,0.274,0.0153,0.7107
test-128,positive,positive,0.0269,0.9615,0.0116
test-129,neutral,negative,0.0436,0.0121,0.9443
test-130,positive,positive,0.0278,0.9636,0.0086
test-131,neutral,neutral,0.8757,0.0647,0.0596
test-132,positive,positive,0.0659,0.9239,0.0103
test-133,neutral,neutral,0.7348,0.0524,0.2128
test-134,neutral,negative,0.0649,0.0106,0.9245
test-135,positive,positive,0.0316,0.96,0.0084
test-136,positive,neutral,0.6632,0.0338,0.303
test-137,positive,positive,0.0383,0.9459,0.0158
test-138,positive,positive,0.4118,0.5607,0.0275
test-139,positive,positive,0.0272,0.9631,0.0097
test-140,neutral,positive,0.2985,0.6753,0.0262
test-141,negative,negative,0.0403,0.0138,0.9459
test-142,positive,positive,0.0261,0.9624,0.0116
test-143,neutral,positive,0.1616,0.8208,0.0176
test-144,neutral,positive,0.1375,0.8475,0.0149
test-145,positive,positive,0.0236,0.9648,0.0116
test-146,positive,positive,0.0261,0.9645,0.0094
test-147,neutral,neutral,0.8814,0.0636,0.055
test-148,negative,negative,0.0385,0.0137,0.9478
test-149,positive,positive,0.0259,0.965,0.0091
test-150,positive,neutral,0.585,0.0298,0.3852
test-151,positive,positive,0.0311,0.9574,0.0114
test-152,negative,neutral,0.7053,0.0981,0.1966
test-153,negative,negative,0.4848,0.0285,0.4867
test-154,negative,negative,0.048,0.0141,0.9379
test-155,positive,positive,0.0386,0.9525,0.0089
test-156,negative,neutral,0.5637,0.0412,0.3951
test-157,positive,positive,0.3929,0.5829,0.0242
test-158,negative,neutral,0.8697,0.0391,0.0911
test-159,neutral,positive,0.1032,0.8856,0.0111
test-160,neutral,neutral,0.8353,0.0326,0.132
test-161,neutral,negative,0.0405,0.0125,0.947
test-162,positive,positive,0.0479,0.9438,0.0083
test-163,neutral,neutral,0.5968,0.0664,0.3367
test-164,negative,neutral,0.8511,0.0386,0.1103
test-165,positive,positive,0.0496,0.9402,0.0101
test-166,negative,negative,0.3338,0.0201,0.646
test-167,positive,positive,0.0629,0.9275,0.0097
test-168,positive,neutral,0.7226,0.1891,0.0883
test-169,positive,positive,0.0228,0.9678,0.0095
test-170,negative,negative,0.037,0.016,0.947
test-171,negative,negative,0.037,0.0168,0.9462
test-172,neutral,positive,0.0881,0.8998,0.0121
test-173,negative,negative,0.0368,0.0154,0.9478
test-174,negative,negative,0.051,0.0133,0.9357
test-175,neutral,neutral,0.6205,0.0486,0.3309
test-176,negative,neutral,0.5896,0.0207,0.3897
test-177,negative,negative,0.0382,0.0154,0.9464
test-178,negative,negative,0.0387,0.0136,0.9477
test-179,negative,neutral,0.5247,0.0231,0.4523
test-180,positive,positive,0.3386,0.567,0.0944
test-181,negative,negative,0.041,0.0121,0.9469
test-182,neutral,neutral,0.5802,0.3835,0.0362
test-183,neutral,neutral,0.8736,0.0525,0.074
test-184,negative,neutral,0.7924,0.031,0.1767
test-185,negative,negative,0.0462,0.0107,0.9431
test-186,negative,negative,0.0475,0.0124,0.9401
test-187,positive,positive,0.0267,0.9624,0.0109
test-188,negative,neutral,0.6818,0.0373,0.2809
test-189,positive,positive,0.0428,0.947,0.0103
test-190,positive,positive,0.4755,0.5003,0.0241
test-191,neutral,neutral,0.8483,0.0801,0.0716
test-192,negative,neutral,0.5003,0.0634,0.4364
test-193,negative,positive,0.0465,0.9449,0.0086
test-194,negative,negative,0.041,0.012,0.947
test-195,neutral,negative,0.0396,0.0148,0.9455
test-196,negative,negative,0.041,0.012,0.947
test-197,positive,neutral,0.6761,0.0331,0.2908
test-198,positive,positive,0.075,0.915,0.01
test-199,neutral,neutral,0.8342,0.1277,0.0381
test-200,negative,neutral,0.6924,0.2555,0.0522
test-201,negative,neutral,0.8031,0.0304,0.1665
test-202,neutral,positive,0.4039,0.5674,0.0287
test-203,negative,positive,0.141,0.8416,0.0175
test-204,negative,negative,0.0622,0.0181,0.9197
test-205,positive,positive,0.0594,0.9296,0.011
test-206,positive,positive,0.4537,0.5081,0.0383
test-207,positive,positive,0.0243,0.9644,0.0112
test-208,negative,negative,0.0957,0.0114,0.8929
test-209,negative,negative,0.1279,0.0246,0.8474
test-210,negative,positive,0.0495,0.9347,0.0157
test-211,positive,positive,0.035,0.9537,0.0113
test-212,neutral,negative,0.046,0.0125,0.9415
test-213,neutral,neutral,0.8516,0.084,0.0644
test-214,positive,positive,0.1979,0.7781,0.0241
test-215,negative,negative,0.0447,0.0143,0.941
test-216,negative,negative,0.0893,0.0226,0.8881
test-217,negative,negative,0.0378,0.0133,0.9489
test-218,neutral,neutral,0.7073,0.0604,0.2324
test-219,positive,positive,0.3154,0.6625,0.0221
test-220,positive,neutral,0.5234,0.2103,0.2663
test-221,positive,positive,0.101,0.8849,0.0141
test-222,positive,positive,0.4158,0.5573,0.0269
test-223,neutral,negative,0.0572,0.0163,0.9265
test-224,negative,negative,0.0379,0.0152,0.9469
test-225,negative,negative,0.0892,0.0108,0.9
test-226,positive,positive,0.0667,0.7995,0.1339
test-227,positive,positive,0.0291,0.9614,0.0094
test-228,negative,positive,0.1448,0.5359,0.3192
test-229,positive,positive,0.0232,0.965,0.0118
test-230,neutral,positive,0.2071,0.7674,0.0255
test-231,negative,positive,0.0357,0.9533,0.011
test-232,negative,negative,0.0416,0.0116,0.9468
test-233,negative,neutral,0.8798,0.0445,0.0757
test-234,positive,positive,0.0226,0.9669,0.0105
test-235,negative,negative,0.256,0.0218,0.7222
test-236,negative,negative,0.1727,0.0131,0.8143
test-237,positive,positive,0.024,0.9667,0.0093
test-238,negative,neutral,0.5343,0.0228,0.4429
test-239,neutral,positive,0.1209,0.866,0.0131
test-240,neutral,negative,0.0388,0.0129,0.9483
test-241,neutral,neutral,0.8435,0.0284,0.1281
test-242,positive,positive,0.0231,0.9655,0.0114
test-243,positive,positive,0.0545,0.9346,0.0109
test-244,positive,positive,0.0227,0.9665,0.0107
test-245,positive,neutral,0.4251,0.4194,0.1555
test-246,positive,positive,0.0261,0.9618,0.0121
test-247,negative,negative,0.0493,0.0209,0.9299
test-248,negative,neutral,0.594,0.0255,0.3805
test-249,negative,positive,0.1388,0.8474,0.0138
test-250,neutral,positive,0.1119,0.8728,0.0153
test-251,positive,positive,0.0316,0.9576,0.0108
test-252,neutral,positive,0.1457,0.8271,0.0272
test-253,negative,neutral,0.8423,0.0327,0.1251
test-254,negative,negative,0.1636,0.0667,0.7697
test-255,positive,positive,0.0251,0.9653,0.0096
test-256,negative,negative,0.2844,0.0717,0.644
test-257,negative,neutral,0.4993,0.0206,0.4801
test-258,negative,neutral,0.7257,0.0279,0.2464
test-259,positive,positive,0.0288,0.9597,0.0115
test-260,positive,positive,0.0279,0.9633,0.0088
test-261,positive,negative,0.2376,0.1378,0.6247
test-262,positive,neutral,0.5542,0.1232,0.3226
test-263,negative,positive,0.2982,0.6707,0.0311
test-264,negative,neutral,0.6136,0.1281,0.2583
test-265,positive,positive,0.0308,0.9605,0.0087
test-266,negative,negative,0.0394,0.0137,0.9469
test-267,neutral,positive,0.0448,0.9458,0.0094
test-268,negative,neutral,0.8766,0.0637,0.0597
test-269,neutral,positive,0.453,0.5193,0.0277
test-270,positive,positive,0.0453,0.935,0.0197
test-271,positive,positive,0.0542,0.9361,0.0098
test-272,neutral,negative,0.0592,0.0113,0.9295
test-273,negative,negative,0.04,0.016,0.944
test-274,negative,negative,0.0751,0.0117,0.9132
test-275,neutral,positive,0.0429,0.9454,0.0117
test-276,neutral,positive,0.0677,0.9123,0.02
test-277,negative,neutral,0.6974,0.2513,0.0513
test-278,neutral,neutral,0.8837,0.0616,0.0548
test-279,positive,neutral,0.8924,0.0473,0.0603
test-280,negative,neutral,0.5221,0.0973,0.3805
test-281,neutral,negative,0.4377,0.0218,0.5405
test-282,positive,neutral,0.8521,0.0811,0.0667
test-283,positive,positive,0.0254,0.9645,0.0101
test-284,negative,negative,0.1523,0.0162,0.8315
test-285,positive,positive,0.0425,0.9482,0.0093
test-286,positive,positive,0.0249,0.9646,0.0105
test-287,neutral,positive,0.0428,0.9475,0.0097
test-288,positive,neutral,0.6406,0.0348,0.3246
test-289,positive,positive,0.0245,0.9632,0.0123
test-290,positive,positive,0.0471,0.9305,0.0224
test-291,positive,positive,0.0312,0.9602,0.0086
test-292,positive,positive,0.1337,0.8522,0.0141
test-293,positive,positive,0.0326,0.9588,0.0087
test-294,negative,neutral,0.7561,0.0265,0.2175
test-295,positive,neutral,0.7808,0.0263,0.1929
test-296,negative,negative,0.3069,0.0176,0.6755
test-297,positive,positive,0.1635,0.824,0.0125
test-298,neutral,neutral,0.8507,0.0368,0.1125
test-299,positive,neutral,0.8818,0.0612,0.057
test-300,positive,positive,0.0645,0.9237,0.0118
test-301,negative,negative,0.1707,0.0182,0.8111
test-302,negative,negative,0.0386,0.0143,0.9471
test-303,positive,positive,0.0267,0.9629,0.0104
test-304,positive,neutral,0.713,0.2483,0.0387
test-305,negative,positive,0.0956,0.8906,0.0137
test-306,positive,neutral,0.5201,0.0245,0.4554
test-307,positive,neutral,0.8235,0.0569,0.1196
test-308,positive,positive,0.0271,0.9606,0.0123
test-309,negative,negative,0.0417,0.014,0.9443
test-310,positive,neutral,0.7976,0.1522,0.0502
test-311,positive,positive,0.0327,0.9586,0.0087
test-312,positive,positive,0.0247,0.9653,0.0099
test-313,negative,negative,0.0384,0.0133,0.9483
test-314,neutral,positive,0.0837,0.8946,0.0217
test-315,positive,neutral,0.8692,0.0802,0.0506
test-316,neutral,neutral,0.7252,0.2295,0.0453
test-317,positive,positive,0.0257,0.9655,0.0088
test-318,negative,negative,0.0617,0.0212,0.9171
test-319,positive,positive,0.1691,0.813,0.018
test-320,negative,neutral,0.8808,0.0636,0.0557
test-321,neutral,positive,0.3442,0.6258,0.03
test-322,negative,negative,0.0577,0.0105,0.9318
test-323,negative,negative,0.0438,0.0123,0.9439
test-324,neutral,neutral,0.5776,0.0347,0.3878
test-325,negative,negative,0.0455,0.0126,0.9419
test-326,positive,positive,0.0326,0.9568,0.0106
test-327,negative,negative,0.0451,0.0121,0.9428
test-328,negative,negative,0.044,0.0117,0.9443
test-329,negative,negative,0.036,0.0149,0.9492
test-330,neutral,neutral,0.8822,0.0457,0.0721
test-331,neutral,neutral,0.8881,0.059,0.0529
test-332,positive,positive,0.0227,0.9671,0.0102
test-333,negative,negative,0.0379,0.0142,0.9479
test-334,negative,negative,0.1236,0.0125,0.8639
test-335,negative,neutral,0.8802,0.0594,0.0604
test-336,positive,positive,0.0277,0.9547,0.0176
test-337,positive,positive,0.1572,0.8299,0.0129
test-338,positive,positive,0.0252,0.9661,0.0086
test-339,positive,positive,0.0773,0.9127,0.01
test-340,neutral,negative,0.353,0.0395,0.6075
test-341,negative,negative,0.0472,0.0148,0.9379
test-342,neutral,neutral,0.488,0.4842,0.0279
test-343,neutral,positive,0.0502,0.94,0.0098
test-344,neutral,neutral,0.6752,0.2739,0.0509
test-345,positive,neutral,0.8907,0.0417,0.0676
test-346,positive,positive,0.0245,0.964,0.0115
test-347,neutral,neutral,0.8864,0.0608,0.0528
test-348,positive,positive,0.0277,0.96,0.0124
test-349,positive,positive,0.0304,0.9601,0.0095
test-350,negative,neutral,0.8168,0.0407,0.1425
test-351,neutral,positive,0.1996,0.7003,0.1001
test-352,positive,positive,0.0996,0.8872,0.0133
test-353,negative,positive,0.3856,0.4482,0.1662
test-354,negative,negative,0.0427,0.0119,0.9454
test-355,positive,neutral,0.6917,0.2746,0.0336
test-356,positive,positive,0.0255,0.964,0.0105
test-357,negative,negative,0.0644,0.0106,0.925
test-358,neutral,positive,0.0498,0.9398,0.0104
test-359,neutral,neutral,0.8596,0.0955,0.0449
test-360,positive,positive,0.0288,0.9628,0.0083
test-361,negative,positive,0.1673,0.7484,0.0843
test-362,negative,negative,0.046,0.0111,0.9429
test-363,negative,positive,0.0427,0.9452,0.0121
test-364,neutral,neutral,0.6183,0.3468,0.0349
test-365,positive,positive,0.0297,0.9598,0.0106
test-366,neutral,neutral,0.5019,0.0266,0.4715
test-367,positive,positive,0.0246,0.9662,0.0092
test-368,positive,positive,0.0264,0.9622,0.0115
test-369,neutral,negative,0.2938,0.0205,0.6857
test-370,positive,positive,0.041,0.949,0.01
test-371,positive,positive,0.0253,0.9628,0.0119
test-372,positive,positive,0.1123,0.8759,0.0117
test-373,negative,positive,0.4528,0.5252,0.022
test-374,negative,negative,0.0399,0.0131,0.947
test-375,negative,neutral,0.6683,0.0823,0.2494
test-376,positive,positive,0.0483,0.9427,0.009
test-377,positive,neutral,0.5844,0.1734,0.2422
test-378,positive,positive,0.0236,0.9658,0.0106
test-379,positive,neutral,0.6189,0.3485,0.0325
test-380,neutral,positive,0.0533,0.9309,0.0158
test-381,positive,positive,0.024,0.9655,0.0106
test-382,negative,neutral,0.847,0.0907,0.0623
test-383,neutral,positive,0.0562,0.9338,0.0101
test-384,positive,positive,0.0238,0.966,0.0102
test-385,negative,negative,0.0375,0.0131,0.9493
test-386,negative,negative,0.1268,0.0142,0.859
test-387,negative,negative,0.0378,0.0146,0.9476
test-388,positive,positive,0.0445,0.9446,0.0108
test-389,neutral,neutral,0.8635,0.0404,0.0961
test-390,negative,positive,0.0713,0.9126,0.0161
test-391,negative,negative,0.3376,0.0218,0.6406
test-392,negative,negative,0.0382,0.0185,0.9433
test-393,positive,positive,0.0579,0.9333,0.0087
test-394,positive,negative,0.0958,0.0297,0.8745
test-395,positive,neutral,0.71,0.2008,0.0892
test-396,negative,neutral,0.8487,0.1042,0.0471
test-397,negative,negative,0.0395,0.0146,0.9459
test-398,neutral,positive,0.0315,0.9566,0.0119
test-399,neutral,positive,0.0916,0.888,0.0204
test-400,negative,neutral,0.7729,0.0382,0.1889
test-401,positive,positive,0.0509,0.9392,0.01
test-402,negative,negative,0.2283,0.0143,0.7574
test-403,negative,neutral,0.8517,0.0383,0.11
test-404,positive,neutral,0.6858,0.2626,0.0517
test-405,neutral,neutral,0.5244,0.4451,0.0305
test-406,neutral,neutral,0.7207,0.2258,0.0534
test-407,neutral,neutral,0.7202,0.2366,0.0433
test-408,negative,negative,0.2252,0.0131,0.7617
test-409,positive,positive,0.026,0.9618,0.0122
test-410,neutral,positive,0.1041,0.8831,0.0128
test-411,positive,neutral,0.6734,0.2184,0.1082
test-412,positive,positive,0.0249,0.9646,0.0105
test-413,positive,positive,0.0483,0.9337,0.0179
test-414,positive,positive,0.2112,0.7724,0.0164
test-415,neutral,neutral,0.8737,0.0668,0.0595
test-416,positive,positive,0.4779,0.4892,0.0329
test-417,positive,neutral,0.5859,0.3783,0.0357
test-418,positive,negative,0.1004,0.0133,0.8864
test-419,positive,positive,0.0319,0.9583,0.0098
test-420,neutral,neutral,0.8916,0.0451,0.0633
test-421,negative,negative,0.0389,0.0137,0.9473
test-422,positive,positive,0.1849,0.7983,0.0168
test-423,positive,positive,0.033,0.9577,0.0092
test-424,negative,negative,0.038,0.0147,0.9472
test-425,positive,positive,0.0283,0.9626,0.0091
test-426,negative,negative,0.0404,0.0147,0.9449
test-427,negative,negative,0.0425,0.0129,0.9447
test-428,positive,positive,0.0348,0.9567,0.0084
test-429,positive,positive,0.0276,0.9606,0.0118
test-430,positive,positive,0.0235,0.9667,0.0098
test-431,neutral,neutral,0.5068,0.4455,0.0477
test-432,positive,positive,0.0253,0.9643,0.0104
test-433,positive,positive,0.0243,0.9667,0.009
test-434,positive,neutral,0.7938,0.1491,0.0571
test-435,negative,negative,0.0378,0.0163,0.9459
test-436,negative,negative,0.1212,0.0111,0.8677
test-437,negative,negative,0.0609,0.011,0.9282
test-438,negative,negative,0.0852,0.0142,0.9005
test-439,neutral,neutral,0.7073,0.0604,0.2324
test-440,neutral,positive,0.185,0.7987,0.0163
test-441,negative,neutral,0.8089,0.0316,0.1594
test-442,negative,negative,0.0459,0.0108,0.9433
test-443,neutral,neutral,0.5415,0.4135,0.045
test-444,neutral,negative,0.0583,0.0102,0.9315
test-445,positive,positive,0.4328,0.5365,0.0307
test-446,positive,negative,0.3543,0.0501,0.5957
test-447,positive,positive,0.0547,0.9358,0.0095
test-448,neutral,neutral,0.5021,0.0244,0.4735
test-449,positive,positive,0.093,0.894,0.013
test-450,negative,neutral,0.8008,0.0363,0.1629
test-451,neutral,positive,0.182,0.7997,0.0184
test-452,neutral,negative,0.1047,0.0403,0.855
test-453,positive,positive,0.0377,0.9488,0.0135
test-454,negative,negative,0.0545,0.0111,0.9345
test-455,positive,negative,0.0436,0.0241,0.9323
test-456,positive,positive,0.0377,0.9523,0.01
test-457,positive,positive,0.0236,0.9654,0.011
test-458,positive,positive,0.026,0.9618,0.0122
test-459,positive,positive,0.058,0.9222,0.0197
test-460,negative,neutral,0.838,0.0989,0.0631
test-461,negative,positive,0.1241,0.8604,0.0155
test-462,neutral,negative,0.058,0.0102,0.9318
test-463,negative,positive,0.0257,0.9653,0.009
test-464,neutral,negative,0.0468,0.0138,0.9394
test-465,negative,neutral,0.7175,0.0774,0.2051
test-466,neutral,negative,0.0398,0.0141,0.946
test-467,positive,positive,0.0342,0.9532,0.0126
test-468,neutral,neutral,0.3726,0.2576,0.3697
test-469,positive,positive,0.0739,0.9159,0.0102
test-470,positive,positive,0.3606,0.6133,0.0261
test-471,negative,neutral,0.8826,0.0385,0.0789
test-472,neutral,negative,0.3449,0.0258,0.6294
test-473,positive,positive,0.0268,0.9608,0.0124
test-474,neutral,positive,0.0551,0.929,0.0159
test-475,positive,negative,0.3766,0.0333,0.5901
test-476,negative,negative,0.1188,0.021,0.8602
test-477,positive,positive,0.0531,0.9258,0.0211
test-478,positive,positive,0.0383,0.9501,0.0116
test-479,negative,neutral,0.69,0.2344,0.0756
test-480,negative,neutral,0.8808,0.0636,0.0557
test-481,positive,positive,0.1254,0.8627,0.0119
test-482,neutral,positive,0.0587,0.9257,0.0156
test-483,neutral,neutral,0.8326,0.1163,0.0512
test-484,neutral,neutral,0.6701,0.2758,0.0541
test-485,negative,neutral,0.7079,0.0396,0.2524
test-486,positive,positive,0.0241,0.9636,0.0123
test-487,positive,positive,0.0271,0.9611,0.0118
test-488,positive,positive,0.0303,0.9597,0.01
test-489,positive,positive,0.0238,0.9649,0.0113
test-490,positive,positive,0.0236,0.9646,0.0119
test-491,negative,negative,0.0378,0.0137,0.9485
test-492,neutral,negative,0.2221,0.0265,0.7514
test-493,positive,positive,0.0616,0.9271,0.0113
test-494,negative,negative,0.0629,0.0139,0.9231
test-495,neutral,negative,0.1226,0.0181,0.8593
test-496,positive,neutral,0.8889,0.037,0.0741
test-497,neutral,positive,0.0406,0.9434,0.016
test-498,positive,positive,0.0963,0.8911,0.0125
test-499,negative,negative,0.0397,0.0145,0.9459
test-500,positive,positive,0.2736,0.6104,0.116
test-501,negative,negative,0.0576,0.0115,0.9309
test-502,positive,neutral,0.8553,0.0945,0.0502
test-503,neutral,neutral,0.8348,0.1114,0.0538
test-504,negative,neutral,0.5474,0.0262,0.4263
test-505,positive,positive,0.3649,0.5993,0.0357
test-506,neutral,negative,0.4878,0.0206,0.4916
test-507,negative,negative,0.1427,0.0128,0.8445
test-508,negative,negative,0.0617,0.0143,0.9241
test-509,positive,positive,0.0284,0.9597,0.0119
test-510,negative,negative,0.1381,0.0153,0.8467
test-511,positive,positive,0.0842,0.905,0.0109
test-512,neutral,neutral,0.8527,0.1093,0.0381
test-513,positive,neutral,0.8846,0.0631,0.0523
test-514,positive,positive,0.047,0.9409,0.0121
test-515,positive,positive,0.0282,0.963,0.0088
test-516,negative,neutral,0.5513,0.039,0.4097
test-517,negative,positive,0.0691,0.9099,0.0211
test-518,positive,positive,0.0259,0.9649,0.0092
test-519,positive,neutral,0.7281,0.0289,0.2429
test-520,negative,negative,0.2423,0.0426,0.7151
test-521,positive,positive,0.0239,0.9661,0.01
test-522,positive,positive,0.0241,0.9645,0.0114
test-523,positive,neutral,0.8518,0.0504,0.0978
test-524,negative,negative,0.0397,0.014,0.9463
test-525,neutral,neutral,0.896,0.0494,0.0547
test-526,positive,positive,0.2438,0.7363,0.0199
test-527,negative,negative,0.0392,0.0137,0.947
test-528,neutral,neutral,0.8644,0.082,0.0536
test-529,positive,positive,0.0249,0.9659,0.0092
test-530,positive,negative,0.3583,0.0178,0.6239
test-531,negative,neutral,0.3517,0.3028,0.3455
test-532,negative,negative,0.318,0.0192,0.6628
test-533,positive,positive,0.0347,0.9571,0.0082
test-534,negative,neutral,0.6356,0.0269,0.3376
test-535,neutral,neutral,0.5263,0.4432,0.0305
test-536,neutral,neutral,0.8748,0.0353,0.0899
test-537,positive,positive,0.2232,0.7566,0.0202
test-538,negative,negative,0.0831,0.015,0.9018
test-539,positive,positive,0.0424,0.9465,0.0111
test-540,negative,neutral,0.525,0.0276,0.4473
test-541,neutral,positive,0.059,0.9313,0.0097
test-542,neutral,positive,0.2268,0.754,0.0192
test-543,negative,neutral,0.7893,0.1474,0.0633
test-544,neutral,positive,0.038,0.9526,0.0095
test-545,positive,positive,0.0271,0.9644,0.0085
test-546,neutral,neutral,0.7649,0.0311,0.2041
test-547,negative,negative,0.0418,0.0132,0.945
test-548,negative,negative,0.0583,0.0223,0.9194
test-549,negative,negative,0.0394,0.0177,0.9429
test-550,positive,positive,0.0245,0.9634,0.0121
test-551,positive,positive,0.0239,0.9659,0.0102
test-552,negative,negative,0.0393,0.015,0.9456
test-553,negative,negative,0.0442,0.0118,0.9441
test-554,positive,neutral,0.5687,0.4049,0.0264
test-555,negative,positive,0.1695,0.774,0.0565
test-556,positive,positive,0.0502,0.9404,0.0094
test-557,neutral,positive,0.0281,0.9633,0.0086
test-558,negative,positive,0.1256,0.8495,0.0249
test-559,positive,positive,0.0234,0.9645,0.012
test-560,neutral,negative,0.3442,0.0634,0.5924
test-561,positive,positive,0.0977,0.8888,0.0135
test-562,negative,negative,0.04,0.013,0.947
test-563,positive,positive,0.0262,0.9618,0.0119
test-564,neutral,positive,0.0771,0.9109,0.012
test-565,neutral,neutral,0.8541,0.0886,0.0572
test-566,neutral,positive,0.1236,0.8544,0.0221
test-567,negative,negative,0.0445,0.0114,0.9441
test-568,neutral,neutral,0.5145,0.0279,0.4576
test-569,positive,positive,0.033,0.9572,0.0098
test-570,positive,positive,0.1069,0.8661,0.027
test-571,negative,neutral,0.7036,0.2514,0.045
test-572,positive,positive,0.0918,0.8765,0.0317
test-573,positive,positive,0.0454,0.9418,0.0127
test-574,positive,positive,0.029,0.9601,0.0109
test-575,positive,positive,0.032,0.956,0.012
test-576,negative,negative,0.3166,0.021,0.6624
test-577,neutral,neutral,0.5722,0.0591,0.3687
test-578,positive,positive,0.0867,0.9023,0.011
test-579,positive,positive,0.025,0.9632,0.0118
test-580,neutral,neutral,0.8756,0.0808,0.0436
test-581,positive,positive,0.0243,0.9646,0.0111
test-582,positive,positive,0.0226,0.9668,0.0107
test-583,positive,negative,0.0759,0.0103,0.9138
test-584,positive,positive,0.3052,0.6746,0.0202
test-585,negative,negative,0.112,0.0131,0.8749
test-586,neutral,positive,0.0441,0.9434,0.0124
test-587,positive,positive,0.0387,0.9387,0.0226
test-588,negative,neutral,0.8649,0.0488,0.0863
test-589,positive,positive,0.0268,0.9596,0.0136
test-590,positive,positive,0.3996,0.5768,0.0236
test-591,positive,positive,0.1799,0.7908,0.0293
test-592,positive,positive,0.0329,0.9542,0.0129
test-593,neutral,negative,0.1382,0.0324,0.8294
test-594,positive,positive,0.0236,0.9654,0.011
test-595,positive,positive,0.0541,0.9263,0.0195
test-596,positive,positive,0.0242,0.9644,0.0114
test-597,positive,positive,0.0446,0.9463,0.0091
test-598,neutral,negative,0.1598,0.0141,0.8261
test-599,positive,negative,0.0642,0.0106,0.9252
test-600,positive,positive,0.0339,0.9576,0.0084
test-601,neutral,neutral,0.8637,0.0351,0.1012
test-602,negative,negative,0.0791,0.0116,0.9092
test-603,positive,neutral,0.7832,0.0361,0.1808
test-604,positive,neutral,0.8809,0.0415,0.0776
test-605,positive,positive,0.1134,0.8746,0.0121
test-606,positive,positive,0.0295,0.9616,0.0089
test-607,positive,positive,0.0304,0.9592,0.0104
test-608,negative,neutral,0.884,0.0695,0.0465
test-609,neutral,positive,0.4459,0.5213,0.0328
test-610,negative,negative,0.0406,0.0137,0.9457
test-611,neutral,neutral,0.5702,0.0364,0.3934
test-612,positive,positive,0.0346,0.957,0.0084
test-613,neutral,negative,0.0484,0.0196,0.9319
test-614,negative,positive,0.0366,0.9526,0.0107
test-615,positive,positive,0.4399,0.5286,0.0315
test-616,positive,negative,0.3582,0.1761,0.4658
test-617,negative,negative,0.0697,0.0138,0.9165
test-618,neutral,neutral,0.7556,0.0307,0.2137
test-619,positive,neutral,0.7102,0.2552,0.0345
test-620,negative,negative,0.0497,0.0123,0.938
test-621,positive,positive,0.0257,0.9653,0.009
test-622,negative,neutral,0.7065,0.1964,0.0971
test-623,positive,negative,0.039,0.0163,0.9448
test-624,negative,neutral,0.8396,0.1224,0.0381
test-625,positive,neutral,0.8123,0.1492,0.0386
test-626,neutral,neutral,0.8381,0.1189,0.0431
test-627,positive,positive,0.0476,0.9441,0.0083
test-628,positive,positive,0.0281,0.9606,0.0113
test-629,negative,positive,0.4077,0.4149,0.1774
test-630,positive,positive,0.048,0.942,0.01
test-631,positive,positive,0.0241,0.9643,0.0116
test-632,neutral,negative,0.1143,0.0112,0.8745
test-633,positive,positive,0.0241,0.9641,0.0118
test-634,neutral,neutral,0.8223,0.0382,0.1396
test-635,negative,negative,0.1234,0.018,0.8587
test-636,positive,positive,0.0323,0.9582,0.0095
test-637,positive,positive,0.0636,0.917,0.0193
test-638,neutral,neutral,0.8864,0.062,0.0516
test-639,negative,negative,0.0357,0.0208,0.9434
test-640,neutral,positive,0.0663,0.9226,0.0111
test-641,positive,positive,0.0387,0.9498,0.0114
test-642,negative,negative,0.0401,0.014,0.9458
test-643,positive,neutral,0.8244,0.1225,0.0531
test-644,positive,positive,0.1045,0.8791,0.0164
test-645,negative,neutral,0.8408,0.0309,0.1283
test-646,neutral,positive,0.0892,0.897,0.0138
test-647,negative,negative,0.1673,0.0154,0.8172
test-648,negative,negative,0.038,0.0146,0.9473
test-649,negative,neutral,0.8963,0.0457,0.058
test-650,positive,positive,0.0334,0.9544,0.0122
test-651,positive,positive,0.0583,0.9324,0.0093
test-652,neutral,positive,0.0254,0.9649,0.0097
test-653,neutral,neutral,0.6636,0.0278,0.3086
test-654,negative,neutral,0.7511,0.1086,0.1403
test-655,negative,neutral,0.8945,0.0497,0.0559
test-656,positive,positive,0.0248,0.9661,0.0091
test-657,positive,neutral,0.5043,0.47,0.0257
test-658,neutral,neutral,0.8239,0.0348,0.1412
test-659,positive,positive,0.0255,0.9655,0.009
test-660,positive,positive,0.0229,0.9654,0.0117
test-661,positive,positive,0.0282,0.9629,0.0089
test-662,positive,positive,0.0268,0.9642,0.0089
test-663,positive,positive,0.119,0.8578,0.0232
test-664,positive,positive,0.0714,0.9175,0.011
test-665,positive,positive,0.0262,0.9613,0.0125
test-666,negative,neutral,0.8711,0.0308,0.0981
test-667,negative,neutral,0.8074,0.0326,0.1601
test-668,negative,negative,0.1059,0.0317,0.8625
test-669,negative,neutral,0.7065,0.0315,0.262
test-670,neutral,negative,0.2864,0.0185,0.6951
test-671,negative,positive,0.1525,0.8264,0.0212
test-672,positive,positive,0.025,0.9615,0.0135
test-673,neutral,positive,0.123,0.8649,0.0121
test-674,positive,positive,0.0245,0.9616,0.0139
test-675,neutral,neutral,0.7304,0.2332,0.0364
test-676,positive,neutral,0.7122,0.25,0.0377
test-677,neutral,neutral,0.7772,0.1383,0.0845
test-678,negative,negative,0.0465,0.0121,0.9414
test-679,positive,neutral,0.8177,0.1178,0.0645
test-680,positive,positive,0.0241,0.9639,0.0119
test-681,positive,positive,0.1293,0.8566,0.0141
test-682,positive,positive,0.0242,0.966,0.0098
test-683,neutral,neutral,0.7816,0.028,0.1904
test-684,negative,negative,0.0443,0.016,0.9397
test-685,negative,positive,0.0261,0.9633,0.0106
test-686,negative,neutral,0.5094,0.462,0.0285
test-687,positive,positive,0.3795,0.597,0.0235
test-688,neutral,positive,0.0366,0.9539,0.0095
test-689,positive,negative,0.2322,0.0356,0.7322
test-690,neutral,neutral,0.6467,0.0269,0.3264
test-691,negative,positive,0.1156,0.8713,0.013
test-692,positive,negative,0.0539,0.0769,0.8693
test-693,negative,negative,0.0439,0.0111,0.9451
test-694,positive,neutral,0.8242,0.1146,0.0611
test-695,neutral,negative,0.0457,0.0145,0.9398
test-696,negative,neutral,0.6913,0.0794,0.2293
test-697,positive,positive,0.0383,0.9531,0.0086
test-698,positive,positive,0.0237,0.9635,0.0127
test-699,neutral,neutral,0.5016,0.0308,0.4676
test-700,positive,positive,0.2144,0.7692,0.0163
test-701,positive,positive,0.0294,0.9614,0.0092
test-702,neutral,negative,0.0428,0.0156,0.9416
test-703,positive,neutral,0.4778,0.4402,0.0821
test-704,neutral,positive,0.044,0.9334,0.0226
test-705,neutral,positive,0.1078,0.8782,0.014
test-706,neutral,neutral,0.5937,0.3608,0.0454
test-707,positive,neutral,0.4836,0.4817,0.0346
test-708,neutral,neutral,0.6051,0.2377,0.1572
test-709,positive,positive,0.024,0.9648,0.0112
test-710,positive,positive,0.054,0.9311,0.0149
test-711,negative,positive,0.0871,0.9008,0.0121
test-712,neutral,positive,0.0729,0.915,0.0121
test-713,negative,negative,0.2646,0.0546,0.6809
test-714,neutral,neutral,0.8398,0.0408,0.1193
test-715,negative,negative,0.1375,0.0131,0.8494
test-716,neutral,neutral,0.8763,0.0373,0.0864
test-717,negative,neutral,0.6092,0.0255,0.3652
test-718,negative,negative,0.2193,0.0167,0.764
test-719,neutral,positive,0.4173,0.5572,0.0255
test-720,positive,positive,0.0234,0.965,0.0116
test-721,positive,positive,0.0238,0.9659,0.0103
test-722,neutral,positive,0.2584,0.7178,0.0238
test-723,negative,neutral,0.8001,0.1009,0.099
test-724,neutral,neutral,0.8903,0.0541,0.0556
test-725,positive,positive,0.0241,0.9644,0.0115
test-726,positive,positive,0.0506,0.9407,0.0087
test-727,positive,positive,0.0261,0.9632,0.0107
test-728,positive,neutral,0.5992,0.3648,0.036
test-729,positive,positive,0.0401,0.9494,0.0105
test-730,negative,negative,0.0969,0.0104,0.8927
test-731,positive,positive,0.0234,0.9669,0.0097
test-732,negative,negative,0.2908,0.0197,0.6895
test-733,negative,neutral,0.8341,0.1269,0.039
test-734,positive,positive,0.4089,0.5677,0.0234
test-735,positive,neutral,0.51,0.4501,0.0399
test-736,positive,positive,0.068,0.9189,0.0131
test-737,neutral,positive,0.0862,0.8999,0.0139
test-738,positive,positive,0.0481,0.9439,0.008
test-739,positive,positive,0.0276,0.9618,0.0106
test-740,positive,positive,0.0322,0.9589,0.009
test-741,positive,neutral,0.8828,0.04,0.0771
test-742,positive,positive,0.0306,0.9591,0.0103
test-743,neutral,negative,0.0711,0.0193,0.9096
test-744,negative,negative,0.0385,0.0146,0.9469
test-745,negative,positive,0.0719,0.9131,0.015
test-746,negative,negative,0.1261,0.0161,0.8579
test-747,negative,negative,0.1055,0.0168,0.8776
test-748,negative,positive,0.3954,0.4921,0.1124
test-749,positive,neutral,0.8856,0.0484,0.0659
test-750,neutral,positive,0.2278,0.7215,0.0507
test-751,negative,negative,0.1133,0.0399,0.8468
test-752,positive,positive,0.0232,0.9655,0.0112
test-753,positive,positive,0.0391,0.9517,0.0092
test-754,negative,negative,0.048,0.0141,0.9379
test-755,negative,positive,0.1267,0.8424,0.0309
test-756,positive,positive,0.0616,0.9243,0.0141
test-757,neutral,negative,0.0411,0.0121,0.9468
test-758,neutral,neutral,0.6652,0.2963,0.0384
test-759,positive,neutral,0.8502,0.0423,0.1075
test-760,positive,positive,0.0239,0.9657,0.0104
test-761,positive,positive,0.0301,0.9601,0.0097
test-762,negative,neutral,0.7166,0.0455,0.2379
test-763,negative,neutral,0.8621,0.0969,0.041
test-764,positive,positive,0.0228,0.9675,0.0098
test-765,positive,positive,0.0301,0.9617,0.0082
test-766,positive,positive,0.2926,0.6831,0.0243
test-767,negative,negative,0.1284,0.0121,0.8595
test-768,neutral,negative,0.1736,0.0375,0.7889
test-769,positive,positive,0.0239,0.9636,0.0125
test-770,negative,negative,0.0399,0.0127,0.9474
test-771,positive,positive,0.0236,0.9672,0.0092
test-772,positive,neutral,0.6977,0.217,0.0853
test-773,negative,negative,0.0378,0.0176,0.9446
test-774,negative,positive,0.024,0.9668,0.0092
test-775,negative,negative,0.0403,0.013,0.9467
test-776,positive,neutral,0.8581,0.0965,0.0455
test-777,positive,positive,0.0494,0.9392,0.0114
test-778,neutral,positive,0.0244,0.9646,0.011
test-779,negative,negative,0.1664,0.0162,0.8174
test-780,negative,neutral,0.8143,0.0349,0.1508
test-781,negative,negative,0.0553,0.0112,0.9335
test-782,neutral,neutral,0.7655,0.0364,0.1981
test-783,positive,neutral,0.7247,0.0764,0.1989
test-784,positive,positive,0.0245,0.9637,0.0118
test-785,negative,negative,0.0414,0.0127,0.9459
test-786,positive,neutral,0.7247,0.0764,0.1989
test-787,negative,negative,0.0424,0.0121,0.9455
test-788,positive,positive,0.1924,0.7912,0.0164
test-789,neutral,neutral,0.6347,0.1873,0.178
test-790,neutral,positive,0.2978,0.6791,0.0231
test-791,negative,neutral,0.7619,0.0362,0.2019
test-792,positive,neutral,0.8796,0.0655,0.0549
test-793,negative,negative,0.0738,0.0185,0.9077
test-794,negative,negative,0.0391,0.0143,0.9467
test-795,positive,positive,0.026,0.9646,0.0094
test-796,negative,negative,0.0384,0.0133,0.9483
test-797,positive,positive,0.0311,0.9574,0.0115
test-798,negative,negative,0.0684,0.0147,0.9169
test-799,positive,positive,0.0261,0.9628,0.0111
test-800,negative,negative,0.1151,0.0154,0.8695
test-801,positive,positive,0.0264,0.9629,0.0107
test-802,negative,negative,0.0401,0.0156,0.9443
test-803,positive,positive,0.4505,0.489,0.0605
test-804,negative,negative,0.1213,0.0116,0.8671
test-805,negative,negative,0.1922,0.0128,0.795
test-806,neutral,positive,0.049,0.9395,0.0115
test-807,neutral,negative,0.1422,0.0157,0.8421
test-808,negative,negative,0.335,0.0218,0.6432
test-809,negative,neutral,0.8614,0.0765,0.0622
test-810,neutral,positive,0.1259,0.8518,0.0223
test-811,positive,neutral,0.8623,0.0569,0.0808
test-812,negative,neutral,0.8854,0.0646,0.05
test-813,negative,neutral,0.5332,0.4352,0.0316
test-814,negative,neutral,0.589,0.0278,0.3833
test-815,positive,neutral,0.7278,0.1899,0.0823
test-816,positive,positive,0.0563,0.9351,0.0086
test-817,negative,negative,0.0641,0.0165,0.9195
test-818,positive,neutral,0.5152,0.4091,0.0757
test-819,positive,positive,0.0335,0.9564,0.0101
test-820,neutral,neutral,0.5109,0.0221,0.467
test-821,positive,positive,0.0231,0.9656,0.0113
test-822,positive,positive,0.1163,0.6163,0.2674
test-823,negative,negative,0.0382,0.0136,0.9481
test-824,negative,neutral,0.6158,0.1087,0.2756
test-825,neutral,neutral,0.6829,0.0335,0.2836
test-826,negative,neutral,0.604,0.1897,0.2063
test-827,positive,positive,0.0301,0.9615,0.0084
test-828,positive,positive,0.1804,0.7992,0.0203
test-829,negative,negative,0.0578,0.0135,0.9288
test-830,positive,positive,0.0255,0.9654,0.009
test-831,negative,negative,0.045,0.0147,0.9403
test-832,positive,positive,0.0253,0.9642,0.0105
test-833,negative,negative,0.3979,0.0322,0.57
test-834,negative,negative,0.2716,0.0212,0.7072
test-835,negative,negative,0.0374,0.0154,0.9471
test-836,negative,neutral,0.7363,0.2042,0.0595
test-837,positive,positive,0.3444,0.6261,0.0295
test-838,positive,positive,0.0258,0.9638,0.0105
test-839,positive,positive,0.0493,0.9409,0.0098
test-840,positive,positive,0.0245,0.9643,0.0112
test-841,negative,positive,0.4348,0.539,0.0262
test-842,negative,negative,0.056,0.0132,0.9308
test-843,neutral,neutral,0.8904,0.037,0.0725
test-844,positive,positive,0.2178,0.7631,0.0191
test-845,negative,negative,0.0373,0.0165,0.9462
test-846,positive,neutral,0.5143,0.4592,0.0264
test-847,negative,neutral,0.6627,0.3016,0.0357
test-848,neutral,neutral,0.8661,0.039,0.0949
test-849,positive,positive,0.4645,0.5042,0.0312
test-850,positive,negative,0.1982,0.0166,0.7853
test-851,negative,positive,0.3864,0.5344,0.0791
test-852,negative,negative,0.0628,0.0111,0.9261
test-853,negative,neutral,0.8862,0.0516,0.0622
test-854,neutral,positive,0.1206,0.8666,0.0128
test-855,positive,positive,0.022,0.967,0.011
test-856,neutral,positive,0.0406,0.9434,0.016
test-857,neutral,neutral,0.851,0.1053,0.0437
test-858,positive,negative,0.2432,0.0222,0.7346
test-859,positive,positive,0.0229,0.9664,0.0107
test-860,positive,positive,0.0231,0.9659,0.0111
test-861,neutral,negative,0.4815,0.0217,0.4968
test-862,positive,positive,0.1552,0.8185,0.0263
test-863,positive,positive,0.0275,0.9612,0.0114
test-864,positive,negative,0.0582,0.0108,0.9309
test-865,negative,negative,0.052,0.0134,0.9346
test-866,positive,negative,0.1506,0.0126,0.8368
test-867,positive,neutral,0.8467,0.039,0.1144
test-868,positive,neutral,0.8138,0.0489,0.1373
test-869,neutral,positive,0.2506,0.6842,0.0652
test-870,positive,neutral,0.6767,0.1718,0.1516
test-871,positive,positive,0.0254,0.9658,0.0088
test-872,negative,neutral,0.8618,0.0777,0.0605
test-873,negative,negative,0.2974,0.0687,0.6339
test-874,neutral,positive,0.1058,0.8668,0.0274
test-875,negative,negative,0.0438,0.0113,0.9448
test-876,positive,positive,0.099,0.8892,0.0117
test-877,positive,positive,0.1124,0.8712,0.0163
test-878,negative,negative,0.0776,0.0116,0.9108
test-879,neutral,positive,0.3146,0.643,0.0424
test-880,positive,positive,0.0298,0.9596,0.0106
test-881,positive,neutral,0.6911,0.0366,0.2722
test-882,positive,positive,0.0243,0.9618,0.0139
test-883,positive,positive,0.0528,0.9385,0.0086
test-884,positive,positive,0.0667,0.9229,0.0104
test-885,positive,neutral,0.8579,0.094,0.048
test-886,positive,positive,0.1275,0.8602,0.0123
test-887,neutral,neutral,0.8469,0.0402,0.1128
test-888,neutral,neutral,0.4663,0.2041,0.3296
test-889,positive,neutral,0.8015,0.0942,0.1043
test-890,positive,positive,0.0234,0.967,0.0096
test-891,neutral,neutral,0.8263,0.1174,0.0562
test-892,positive,negative,0.1168,0.0422,0.841
test-893,positive,positive,0.0789,0.9094,0.0116
test-894,neutral,positive,0.1091,0.8744,0.0165
test-895,positive,positive,0.0339,0.954,0.0121
test-896,negative,positive,0.0636,0.8914,0.0451
test-897,positive,neutral,0.6997,0.0424,0.2579
test-898,positive,positive,0.4175,0.4891,0.0933
test-899,neutral,neutral,0.6445,0.0301,0.3253
test-900,positive,positive,0.0924,0.895,0.0126
test-901,positive,positive,0.0456,0.9422,0.0121
test-902,neutral,positive,0.0717,0.9153,0.0131
test-903,negative,negative,0.0988,0.0123,0.8889
test-904,negative,neutral,0.7412,0.0428,0.216
test-905,negative,negative,0.0455,0.0113,0.9432
test-906,positive,neutral,0.6991,0.0271,0.2738
test-907,positive,neutral,0.7991,0.1641,0.0368
test-908,negative,negative,0.0983,0.0104,0.8913
test-909,negative,negative,0.0476,0.0101,0.9423
test-910,positive,positive,0.0291,0.957,0.0139
test-911,neutral,positive,0.0323,0.9585,0.0092
test-912,positive,positive,0.0242,0.9644,0.0114
test-913,neutral,positive,0.0498,0.9398,0.0104
test-914,positive,positive,0.2405,0.7378,0.0218
test-915,positive,positive,0.0237,0.9634,0.0128
test-916,positive,positive,0.0264,0.9642,0.0094
test-917,negative,negative,0.1726,0.0134,0.814
test-918,neutral,neutral,0.8706,0.0638,0.0656
test-919,positive,positive,0.0249,0.9654,0.0097
test-920,positive,neutral,0.5341,0.3824,0.0835
test-921,positive,negative,0.3137,0.017,0.6693
test-922,negative,neutral,0.8592,0.0402,0.1006
test-923,negative,negative,0.1118,0.044,0.8441
test-924,negative,negative,0.0397,0.0137,0.9466
test-925,positive,positive,0.1035,0.8719,0.0245
test-926,negative,negative,0.0432,0.0115,0.9453
test-927,neutral,neutral,0.54,0.0245,0.4356
test-928,negative,negative,0.0442,0.0104,0.9454
test-929,positive,neutral,0.8378,0.0704,0.0918
test-930,positive,neutral,0.7544,0.0993,0.1462
test-931,negative,neutral,0.8484,0.0475,0.1041
test-932,positive,positive,0.0277,0.9629,0.0094
test-933,negative,negative,0.0398,0.0155,0.9447
test-934,positive,positive,0.0253,0.9645,0.0102
test-935,negative,negative,0.0457,0.0106,0.9437
test-936,positive,positive,0.4667,0.5066,0.0266
test-937,negative,neutral,0.785,0.0258,0.1892
test-938,neutral,positive,0.0901,0.8954,0.0145
test-939,positive,positive,0.0407,0.9492,0.0101
test-940,negative,negative,0.0503,0.0117,0.938
test-941,negative,neutral,0.8468,0.0889,0.0643
test-942,negative,negative,0.2049,0.1135,0.6817
test-943,negative,neutral,0.88,0.0375,0.0825
test-944,positive,positive,0.0464,0.9428,0.0108
test-945,positive,positive,0.0348,0.9522,0.013
test-946,neutral,neutral,0.78,0.144,0.076
test-947,positive,negative,0.0991,0.0109,0.8901
test-948,positive,positive,0.0367,0.9547,0.0085
test-949,positive,positive,0.1124,0.8712,0.0163
test-950,neutral,positive,0.0531,0.9358,0.0111
test-951,positive,neutral,0.8683,0.0564,0.0753
test-952,negative,negative,0.0578,0.0107,0.9315
test-953,neutral,neutral,0.8373,0.1183,0.0444
test-954,negative,neutral,0.7916,0.1529,0.0556
test-955,positive,positive,0.0271,0.9641,0.0087
test-956,positive,negative,0.0512,0.0121,0.9367
test-957,negative,negative,0.0434,0.0135,0.9431
test-958,negative,negative,0.0422,0.0121,0.9457
test-959,negative,negative,0.0918,0.0391,0.8691
test-960,positive,positive,0.0247,0.9622,0.0131
test-961,positive,neutral,0.8472,0.1156,0.0372
test-962,positive,neutral,0.4865,0.2189,0.2946
test-963,neutral,positive,0.1002,0.8859,0.0139
test-964,positive,positive,0.0325,0.955,0.0125
test-965,negative,neutral,0.4937,0.4306,0.0757
test-966,neutral,neutral,0.686,0.0364,0.2777
test-967,neutral,neutral,0.8787,0.0721,0.0492
test-968,positive,positive,0.025,0.9639,0.0111
test-969,neutral,positive,0.1921,0.7793,0.0286
test-970,negative,neutral,0.4942,0.0249,0.4809
test-971,positive,positive,0.0528,0.9361,0.0111
test-972,neutral,neutral,0.8787,0.0792,0.0421
test-973,neutral,positive,0.2943,0.6869,0.0189
test-974,neutral,negative,0.4763,0.0265,0.4972
test-975,negative,negative,0.2319,0.0179,0.7501
test-976,positive,positive,0.0643,0.9244,0.0113
test-977,neutral,positive,0.0249,0.9654,0.0096
test-978,negative,negative,0.1936,0.0151,0.7914
test-979,positive,positive,0.039,0.9533,0.0076
test-980,positive,neutral,0.7251,0.2008,0.0741
test-981,negative,positive,0.2965,0.5415,0.162
test-982,neutral,positive,0.0591,0.9304,0.0105
test-983,positive,positive,0.1359,0.8497,0.0144
test-984,neutral,positive,0.3991,0.5477,0.0532
test-985,neutral,neutral,0.8328,0.0325,0.1346
test-986,negative,negative,0.0825,0.0969,0.8206
test-987,positive,positive,0.0297,0.9621,0.0082
test-988,neutral,negative,0.4349,0.0175,0.5476
test-989,negative,neutral,0.7589,0.1768,0.0643
test-990,neutral,positive,0.0803,0.9077,0.012
test-991,negative,positive,0.3262,0.3556,0.3182
test-992,negative,neutral,0.5389,0.0381,0.423
test-993,positive,positive,0.0513,0.9347,0.014
test-994,negative,negative,0.0394,0.0135,0.9471
test-995,neutral,positive,0.26,0.7166,0.0234
test-996,negative,neutral,0.8841,0.0574,0.0585
test-997,positive,positive,0.023,0.9645,0.0124
test-998,negative,neutral,0.8954,0.0517,0.0529
test-999,positive,positive,0.0243,0.963,0.0127
test-1000,positive,positive,0.0376,0.9522,0.0102
test-1001,negative,neutral,0.8338,0.0363,0.1299
test-1002,positive,positive,0.0269,0.9645,0.0085
test-1003,positive,positive,0.0558,0.9321,0.0121
test-1004,positive,positive,0.0281,0.9617,0.0101
test-1005,negative,neutral,0.5206,0.0218,0.4576
test-1006,neutral,negative,0.3364,0.0152,0.6484
test-1007,negative,negative,0.1498,0.0141,0.8362
test-1008,neutral,negative,0.0779,0.0116,0.9105
test-1009,negative,neutral,0.6222,0.0232,0.3545
test-1010,neutral,positive,0.1267,0.8561,0.0172
test-1011,neutral,negative,0.1606,0.0152,0.8242
test-1012,positive,positive,0.0238,0.965,0.0112
test-1013,negative,neutral,0.8844,0.0407,0.0749
test-1014,positive,neutral,0.4954,0.4783,0.0264
test-1015,negative,neutral,0.847,0.0438,0.1092
test-1016,negative,negative,0.0735,0.0191,0.9074
test-1017,negative,positive,0.3957,0.569,0.0353
test-1018,positive,positive,0.0625,0.9226,0.0149
test-1019,positive,positive,0.0643,0.8409,0.0947
test-1020,neutral,positive,0.1414,0.8378,0.0208
test-1021,neutral,positive,0.0478,0.9422,0.01
test-1022,positive,positive,0.0274,0.9636,0.0089
test-1023,neutral,positive,0.4611,0.5005,0.0384
test-1024,positive,positive,0.0632,0.9271,0.0097
test-1025,neutral,negative,0.4431,0.0429,0.514
test-1026,positive,positive,0.176,0.7955,0.0285
test-1027,negative,negative,0.0394,0.0123,0.9482
test-1028,positive,neutral,0.85,0.1017,0.0483
test-1029,positive,positive,0.0405,0.9482,0.0113
test-1030,negative,negative,0.1438,0.0124,0.8438
test-1031,positive,neutral,0.5363,0.4293,0.0344
test-1032,positive,positive,0.0358,0.9558,0.0084
test-1033,positive,positive,0.024,0.9652,0.0108
test-1034,neutral,neutral,0.8266,0.0311,0.1423
test-1035,negative,negative,0.0618,0.0122,0.926
test-1036,neutral,neutral,0.7653,0.1103,0.1244
test-1037,neutral,negative,0.2241,0.0279,0.748
test-1038,positive,positive,0.0233,0.9669,0.0098
test-1039,negative,negative,0.0574,0.0105,0.9321
test-1040,positive,negative,0.0906,0.0229,0.8865
test-1041,neutral,neutral,0.7938,0.0553,0.1509
test-1042,positive,positive,0.0241,0.9645,0.0113
test-1043,neutral,positive,0.0469,0.9442,0.0088
test-1044,negative,neutral,0.7844,0.0347,0.1809
test-1045,neutral,positive,0.0879,0.9018,0.0103
test-1046,negative,negative,0.3298,0.0169,0.6533
test-1047,negative,negative,0.0491,0.0133,0.9376
test-1048,neutral,neutral,0.839,0.0558,0.1052
test-1049,negative,positive,0.325,0.381,0.294
test-1050,negative,neutral,0.4946,0.4069,0.0985
test-1051,positive,positive,0.4032,0.5188,0.078
test-1052,neutral,positive,0.2163,0.7586,0.0252
test-1053,negative,neutral,0.649,0.3213,0.0297
test-1054,positive,positive,0.0238,0.965,0.0112
test-1055,neutral,neutral,0.6898,0.2787,0.0315
test-1056,negative,negative,0.3763,0.0341,0.5897
test-1057,neutral,negative,0.4057,0.0177,0.5766
test-1058,negative,negative,0.0489,0.0137,0.9374
test-1059,positive,positive,0.2544,0.7176,0.028
test-1060,neutral,positive,0.4699,0.4867,0.0434
test-1061,negative,negative,0.0406,0.0165,0.9429
test-1062,positive,neutral,0.7826,0.0276,0.1897
test-1063,positive,positive,0.3823,0.5552,0.0625
test-1064,positive,positive,0.0306,0.9595,0.0099
test-1065,positive,positive,0.0311,0.9599,0.009
test-1066,positive,positive,0.1454,0.8351,0.0195
test-1067,negative,positive,0.2166,0.7269,0.0565
test-1068,positive,positive,0.043,0.9453,0.0117
test-1069,positive,positive,0.0245,0.9633,0.0122
test-1070,neutral,neutral,0.8625,0.0627,0.0748
test-1071,positive,positive,0.0262,0.964,0.0098
test-1072,positive,positive,0.0381,0.9518,0.0101
test-1073,negative,negative,0.0381,0.0135,0.9484
test-1074,neutral,negative,0.0429,0.0155,0.9417
test-1075,positive,positive,0.1671,0.7922,0.0407
test-1076,neutral,neutral,0.8921,0.0441,0.0639
test-1077,neutral,negative,0.0963,0.0104,0.8933
test-1078,negative,negative,0.1287,0.0223,0.849
test-1079,negative,negative,0.0639,0.0154,0.9208
test-1080,neutral,positive,0.0876,0.8952,0.0172
test-1081,negative,neutral,0.7175,0.1607,0.1218
test-1082,neutral,neutral,0.8197,0.0355,0.1448
test-1083,negative,negative,0.043,0.0126,0.9445
test-1084,negative,neutral,0.5503,0.3731,0.0765
test-1085,neutral,positive,0.2169,0.7645,0.0186
test-1086,neutral,positive,0.0241,0.9635,0.0124
test-1087,positive,positive,0.0666,0.9236,0.0098
test-1088,negative,negative,0.2261,0.0223,0.7516
test-1089,positive,positive,0.046,0.9456,0.0084
test-1090,negative,neutral,0.5368,0.4013,0.0619
test-1091,positive,positive,0.0454,0.9415,0.013
test-1092,positive,positive,0.0264,0.9616,0.012
test-1093,negative,negative,0.0354,0.0163,0.9483
test-1094,neutral,neutral,0.8534,0.0996,0.047
test-1095,negative,negative,0.06,0.0117,0.9283
test-1096,neutral,neutral,0.8881,0.0415,0.0704
test-1097,neutral,neutral,0.4612,0.0978,0.441
test-1098,positive,positive,0.0249,0.9645,0.0106
test-1099,negative,negative,0.0646,0.0111,0.9243
test-1100,positive,neutral,0.8297,0.0972,0.0731
test-1101,negative,negative,0.0407,0.0138,0.9455
test-1102,negative,negative,0.0486,0.0128,0.9386
test-1103,positive,negative,0.2744,0.0221,0.7035
test-1104,neutral,neutral,0.7249,0.0358,0.2393
test-1105,negative,negative,0.0543,0.0129,0.9328
test-1106,negative,negative,0.0637,0.0109,0.9253
test-1107,negative,negative,0.0935,0.0114,0.895
test-1108,positive,neutral,0.7751,0.1818,0.0431
test-1109,neutral,positive,0.2954,0.6762,0.0284
test-1110,neutral,positive,0.259,0.7136,0.0275
test-1111,neutral,positive,0.0434,0.9456,0.011
test-1112,negative,neutral,0.7852,0.1543,0.0605
test-1113,neutral,neutral,0.8161,0.0324,0.1515
test-1114,negative,negative,0.0408,0.0131,0.9462
test-1115,negative,negative,0.4599,0.025,0.5151
test-1116,negative,negative,0.0428,0.0135,0.9438
test-1117,positive,positive,0.0367,0.9549,0.0084
test-1118,negative,positive,0.1634,0.8027,0.0339
test-1119,negative,negative,0.037,0.0138,0.9493
test-1120,neutral,neutral,0.8593,0.0311,0.1097
test-1121,neutral,positive,0.3669,0.6049,0.0283
test-1122,neutral,negative,0.039,0.0168,0.9443
test-1123,negative,negative,0.0405,0.0117,0.9478
test-1124,neutral,positive,0.4039,0.563,0.033
test-1125,neutral,neutral,0.886,0.0488,0.0652
test-1126,neutral,neutral,0.55,0.4008,0.0492
test-1127,negative,neutral,0.8251,0.038,0.1369
test-1128,positive,positive,0.1661,0.8169,0.017
test-1129,negative,negative,0.079,0.0111,0.9099
test-1130,positive,positive,0.2436,0.7139,0.0425
test-1131,negative,negative,0.1975,0.0213,0.7812
test-1132,negative,negative,0.0441,0.013,0.9429
test-1133,positive,positive,0.3354,0.6364,0.0282
test-1134,negative,negative,0.1753,0.0143,0.8105
test-1135,neutral,positive,0.0386,0.951,0.0104
test-1136,negative,negative,0.0607,0.0149,0.9243
test-1137,negative,negative,0.0452,0.0115,0.9433
test-1138,positive,neutral,0.8938,0.0449,0.0613
test-1139,positive,positive,0.0296,0.9576,0.0128
test-1140,neutral,neutral,0.4794,0.0412,0.4794
test-1141,positive,positive,0.0231,0.9665,0.0104
test-1142,neutral,neutral,0.629,0.2491,0.1219
test-1143,negative,negative,0.0538,0.0125,0.9337
test-1144,negative,positive,0.1077,0.8474,0.0449
test-1145,neutral,negative,0.3789,0.041,0.58
test-1146,negative,neutral,0.8706,0.0327,0.0967
test-1147,negative,neutral,0.8541,0.0384,0.1075
test-1148,negative,negative,0.0408,0.016,0.9432
test-1149,negative,negative,0.4232,0.0204,0.5563
test-1150,positive,neutral,0.7261,0.1872,0.0867
test-1151,negative,negative,0.422,0.0211,0.5569
test-1152,negative,negative,0.0383,0.0143,0.9474
test-1153,negative,negative,0.0463,0.0159,0.9378
test-1154,negative,negative,0.4171,0.0238,0.5591
test-1155,positive,positive,0.0268,0.962,0.0112
test-1156,neutral,neutral,0.8462,0.1093,0.0445
test-1157,negative,positive,0.187,0.7888,0.0242
test-1158,neutral,negative,0.0452,0.0115,0.9433
test-1159,positive,neutral,0.7534,0.0294,0.2171
test-1160,positive,positive,0.0248,0.9658,0.0094
test-1161,neutral,neutral,0.8739,0.0521,0.074
test-1162,neutral,neutral,0.8866,0.0383,0.0751
test-1163,negative,positive,0.4373,0.5296,0.0331
test-1164,positive,positive,0.1928,0.7843,0.023
test-1165,neutral,neutral,0.7406,0.0637,0.1957
test-1166,positive,positive,0.0767,0.9138,0.0095
test-1167,negative,negative,0.0394,0.0146,0.9461
test-1168,negative,negative,0.0387,0.0153,0.946
test-1169,negative,negative,0.0553,0.0104,0.9343
test-1170,positive,positive,0.0272,0.963,0.0098
test-1171,positive,positive,0.0527,0.9368,0.0104
test-1172,positive,positive,0.025,0.9651,0.0099
test-1173,positive,neutral,0.7799,0.0298,0.1904
test-1174,negative,negative,0.0456,0.0177,0.9367
test-1175,positive,neutral,0.8766,0.079,0.0443
test-1176,positive,positive,0.0428,0.9473,0.0099
test-1177,negative,neutral,0.7358,0.2092,0.055
test-1178,neutral,neutral,0.8714,0.0729,0.0557
test-1179,neutral,positive,0.0288,0.9598,0.0114
test-1180,positive,positive,0.0274,0.9613,0.0114
test-1181,negative,negative,0.0428,0.0138,0.9435
test-1182,neutral,neutral,0.6154,0.3237,0.0609
test-1183,positive,positive,0.0278,0.9626,0.0096
test-1184,neutral,neutral,0.69,0.0274,0.2826
test-1185,positive,positive,0.0239,0.9636,0.0124
test-1186,positive,positive,0.0301,0.9588,0.0111
test-1187,neutral,positive,0.215,0.7541,0.0309
test-1188,negative,negative,0.0714,0.0119,0.9166
test-1189,neutral,negative,0.0635,0.0108,0.9257
test-1190,positive,positive,0.0236,0.9662,0.0102
test-1191,positive,positive,0.3115,0.6468,0.0417
test-1192,positive,positive,0.0246,0.9648,0.0106
test-1193,positive,neutral,0.6167,0.0277,0.3555
test-1194,negative,negative,0.2033,0.0274,0.7694
test-1195,negative,neutral,0.842,0.0326,0.1254
test-1196,negative,negative,0.041,0.0142,0.9447
test-1197,negative,neutral,0.5538,0.402,0.0442
test-1198,neutral,neutral,0.8839,0.043,0.0731
test-1199,positive,positive,0.0614,0.9235,0.0152
test-1200,positive,neutral,0.6796,0.2917,0.0287
test-1201,negative,negative,0.0372,0.0136,0.9491
test-1202,neutral,negative,0.0666,0.0163,0.9172
test-1203,neutral,neutral,0.7831,0.027,0.1899
test-1204,neutral,neutral,0.7726,0.1893,0.0382
test-1205,negative,neutral,0.5648,0.0221,0.4132
test-1206,neutral,positive,0.3374,0.6402,0.0224
test-1207,negative,neutral,0.8849,0.0401,0.0749
test-1208,negative,negative,0.3348,0.0174,0.6478
test-1209,negative,negative,0.3224,0.0365,0.6412
test-1210,negative,negative,0.1063,0.0362,0.8575
test-1211,neutral,neutral,0.5591,0.0253,0.4155
test-1212,positive,positive,0.1173,0.8703,0.0124
test-1213,positive,neutral,0.7534,0.1094,0.1372
test-1214,positive,positive,0.024,0.9659,0.0101
test-1215,neutral,negative,0.4625,0.0235,0.514
test-1216,positive,positive,0.0234,0.9641,0.0125
test-1217,neutral,negative,0.2554,0.0168,0.7277
test-1218,negative,neutral,0.8796,0.0684,0.052
test-1219,neutral,neutral,0.885,0.0519,0.0631
test-1220,positive,positive,0.2182,0.7659,0.0159
test-1221,negative,neutral,0.6023,0.0252,0.3725
test-1222,negative,negative,0.0592,0.0103,0.9304
test-1223,positive,positive,0.1682,0.8157,0.0162
test-1224,positive,positive,0.0243,0.9638,0.0119
test-1225,positive,neutral,0.8767,0.0681,0.0552
test-1226,neutral,negative,0.043,0.0268,0.9302
test-1227,negative,neutral,0.5356,0.0306,0.4338
test-1228,negative,negative,0.0379,0.0144,0.9477
test-1229,negative,negative,0.0413,0.0125,0.9463
test-1230,positive,positive,0.0568,0.9103,0.0329
test-1231,positive,positive,0.2004,0.7774,0.0222
test-1232,negative,positive,0.1219,0.7702,0.108
test-1233,negative,negative,0.0896,0.0138,0.8966
test-1234,negative,negative,0.0389,0.0146,0.9465
test-1235,negative,positive,0.2845,0.4935,0.222
test-1236,neutral,negative,0.1076,0.0172,0.8752
test-1237,positive,positive,0.0823,0.9027,0.0149
test-1238,positive,neutral,0.8644,0.0849,0.0507
test-1239,positive,positive,0.0239,0.9633,0.0128
test-1240,neutral,neutral,0.7765,0.1063,0.1172
test-1241,negative,positive,0.0838,0.9018,0.0144
test-1242,negative,negative,0.2528,0.0185,0.7287
test-1243,positive,positive,0.0842,0.9031,0.0127
test-1244,neutral,neutral,0.6587,0.1873,0.154
test-1245,negative,positive,0.0568,0.9053,0.038
test-1246,positive,positive,0.0259,0.9643,0.0098
test-1247,negative,negative,0.0731,0.0135,0.9134
test-1248,neutral,positive,0.3071,0.528,0.1649
test-1249,positive,positive,0.0316,0.958,0.0103
test-1250,positive,positive,0.0241,0.9645,0.0114
test-1251,negative,negative,0.0732,0.0113,0.9155
test-1252,negative,negative,0.0352,0.0147,0.9502
test-1253,positive,positive,0.0434,0.9456,0.011
test-1254,neutral,positive,0.0255,0.9663,0.0082
test-1255,negative,neutral,0.7864,0.0303,0.1834
test-1256,positive,positive,0.0277,0.9621,0.0102
test-1257,neutral,positive,0.067,0.9182,0.0147
test-1258,negative,negative,0.0575,0.0212,0.9213
test-1259,positive,positive,0.0333,0.9424,0.0243
test-1260,neutral,positive,0.0531,0.9358,0.0111
test-1261,positive,neutral,0.8677,0.0764,0.0559
test-1262,neutral,positive,0.0833,0.906,0.0107
test-1263,negative,negative,0.1451,0.0117,0.8432
test-1264,positive,neutral,0.8911,0.0444,0.0646
test-1265,negative,negative,0.0995,0.0346,0.8659
test-1266,negative,neutral,0.4964,0.4645,0.0392
test-1267,neutral,positive,0.1103,0.877,0.0127
test-1268,negative,negative,0.1604,0.0226,0.817
test-1269,positive,positive,0.3451,0.62,0.035
test-1270,positive,neutral,0.8206,0.1309,0.0485
test-1271,positive,negative,0.0408,0.0128,0.9464
test-1272,negative,neutral,0.8835,0.0689,0.0476
test-1273,negative,negative,0.1061,0.0326,0.8613
test-1274,neutral,positive,0.3036,0.6465,0.0499
test-1275,negative,negative,0.0437,0.0139,0.9424
test-1276,negative,negative,0.0419,0.013,0.9452
test-1277,negative,negative,0.0691,0.0121,0.9187
test-1278,negative,neutral,0.8508,0.103,0.0462
test-1279,positive,positive,0.0256,0.9642,0.0102
test-1280,neutral,positive,0.031,0.9578,0.0112
test-1281,neutral,neutral,0.849,0.0705,0.0805
test-1282,positive,neutral,0.8621,0.034,0.104
test-1283,negative,neutral,0.6474,0.3155,0.0371
test-1284,positive,positive,0.056,0.9349,0.009
test-1285,negative,negative,0.0423,0.0132,0.9445
test-1286,neutral,neutral,0.8862,0.0452,0.0686
test-1287,positive,positive,0.0337,0.9557,0.0105
test-1288,positive,neutral,0.6633,0.3031,0.0335
test-1289,positive,positive,0.0235,0.9667,0.0097
test-1290,negative,neutral,0.7599,0.2028,0.0372
test-1291,positive,positive,0.3991,0.5717,0.0291
test-1292,neutral,positive,0.0803,0.9072,0.0125
test-1293,negative,negative,0.039,0.0159,0.9451
test-1294,negative,neutral,0.8783,0.0496,0.0721
test-1295,positive,positive,0.0993,0.8866,0.0141
test-1296,positive,positive,0.2917,0.6836,0.0247
test-1297,neutral,positive,0.2597,0.7227,0.0175
test-1298,negative,neutral,0.7257,0.2237,0.0506
test-1299,negative,negative,0.1005,0.0121,0.8875
test-1300,neutral,neutral,0.7784,0.1863,0.0353
test-1301,positive,positive,0.0241,0.9636,0.0122
test-1302,negative,negative,0.2707,0.1051,0.6242
test-1303,positive,neutral,0.6206,0.3348,0.0446
test-1304,negative,neutral,0.8414,0.0901,0.0685
test-1305,positive,neutral,0.7469,0.0504,0.2027
test-1306,positive,positive,0.0243,0.964,0.0117
test-1307,negative,negative,0.0473,0.0128,0.9399
test-1308,positive,positive,0.0262,0.9613,0.0125
test-1309,negative,negative,0.065,0.01,0.925
test-1310,positive,positive,0.0247,0.9664,0.0089
test-1311,positive,positive,0.0271,0.9639,0.009
test-1312,negative,negative,0.0389,0.0144,0.9467
test-1313,neutral,neutral,0.5318,0.0239,0.4443
test-1314,negative,negative,0.0582,0.0113,0.9305
test-1315,positive,positive,0.126,0.8611,0.0129
test-1316,positive,negative,0.2674,0.0213,0.7113
test-1317,positive,positive,0.0847,0.9002,0.0151
test-1318,negative,negative,0.0667,0.0142,0.9191
test-1319,negative,negative,0.3443,0.0174,0.6383
test-1320,positive,positive,0.028,0.9604,0.0116
test-1321,positive,positive,0.0249,0.964,0.011
test-1322,positive,positive,0.0794,0.9092,0.0114
test-1323,positive,positive,0.2972,0.5056,0.1972
test-1324,negative,negative,0.0408,0.0154,0.9438
test-1325,positive,neutral,0.6424,0.2131,0.1445
test-1326,positive,neutral,0.8606,0.0334,0.106
test-1327,positive,positive,0.0584,0.9314,0.0102
test-1328,neutral,positive,0.0599,0.922,0.0181
test-1329,positive,positive,0.023,0.9645,0.0124
test-1330,neutral,negative,0.1196,0.0217,0.8588
test-1331,negative,negative,0.0456,0.0159,0.9385
test-1332,negative,neutral,0.7792,0.0312,0.1896
test-1333,neutral,neutral,0.5484,0.3682,0.0834
test-1334,negative,neutral,0.8842,0.044,0.0717
test-1335,negative,negative,0.0393,0.0148,0.9458
test-1336,negative,positive,0.0395,0.9495,0.0111
test-1337,positive,negative,0.0923,0.027,0.8807
test-1338,positive,positive,0.0351,0.9566,0.0083
test-1339,neutral,positive,0.0585,0.9301,0.0113
test-1340,positive,positive,0.4732,0.4882,0.0385
test-1341,positive,positive,0.0243,0.9659,0.0098
test-1342,negative,negative,0.0495,0.0122,0.9383
test-1343,negative,negative,0.0382,0.0138,0.9479
test-1344,negative,neutral,0.4957,0.0368,0.4675
test-1345,neutral,negative,0.0429,0.0117,0.9454
test-1346,positive,positive,0.026,0.9651,0.0089
test-1347,negative,negative,0.0451,0.0121,0.9427
test-1348,positive,positive,0.0799,0.9063,0.0138
test-1349,negative,negative,0.0403,0.0135,0.9462
test-1350,negative,negative,0.0451,0.0164,0.9385
test-1351,neutral,positive,0.0323,0.9583,0.0095
test-1352,negative,negative,0.0532,0.0119,0.935
test-1353,negative,negative,0.3765,0.0638,0.5597
test-1354,positive,negative,0.0512,0.0121,0.9367
test-1355,negative,negative,0.0445,0.0119,0.9436
test-1356,positive,neutral,0.8219,0.0331,0.1449
test-1357,negative,negative,0.0463,0.0111,0.9426
test-1358,positive,positive,0.0851,0.8957,0.0192
test-1359,neutral,positive,0.3602,0.6175,0.0223
test-1360,negative,neutral,0.882,0.04,0.078
test-1361,negative,negative,0.0391,0.0142,0.9468
test-1362,neutral,positive,0.035,0.9531,0.0119
test-1363,negative,neutral,0.8489,0.0605,0.0905
test-1364,positive,negative,0.2896,0.0265,0.6839
test-1365,negative,neutral,0.8758,0.0518,0.0725
test-1366,positive,neutral,0.6574,0.1876,0.1549
test-1367,positive,neutral,0.7076,0.2124,0.08
test-1368,negative,negative,0.0652,0.0151,0.9197
test-1369,neutral,neutral,0.733,0.201,0.0661
test-1370,negative,neutral,0.5749,0.3875,0.0376
test-1371,neutral,positive,0.029,0.9589,0.0122
test-1372,positive,positive,0.0606,0.9293,0.0102
test-1373,positive,positive,0.0255,0.9634,0.0111
test-1374,negative,negative,0.0376,0.0157,0.9468
test-1375,negative,negative,0.055,0.0113,0.9337
test-1376,neutral,neutral,0.7711,0.0321,0.1968
test-1377,positive,positive,0.054,0.9349,0.0111
test-1378,positive,positive,0.4396,0.5282,0.0322
test-1379,neutral,neutral,0.8568,0.0825,0.0606
test-1380,positive,positive,0.3163,0.6643,0.0194
test-1381,positive,neutral,0.7766,0.1517,0.0717
test-1382,negative,neutral,0.8487,0.0632,0.0881
test-1383,neutral,neutral,0.8425,0.1136,0.044
test-1384,positive,positive,0.0756,0.9114,0.013
test-1385,positive,positive,0.0277,0.9625,0.0098
test-1386,negative,negative,0.0377,0.0137,0.9486
test-1387,negative,negative,0.112,0.0127,0.8753
test-1388,neutral,positive,0.0765,0.8958,0.0277
test-1389,negative,negative,0.2322,0.027,0.7408
test-1390,neutral,negative,0.065,0.051,0.8839
test-1391,neutral,neutral,0.876,0.0413,0.0828
test-1392,negative,neutral,0.7286,0.0688,0.2025
test-1393,negative,neutral,0.8421,0.0426,0.1153
test-1394,positive,positive,0.0362,0.9552,0.0087
test-1395,negative,negative,0.0403,0.0138,0.9459
test-1396,negative,negative,0.053,0.0109,0.9361
test-1397,positive,positive,0.0672,0.9216,0.0112
test-1398,positive,positive,0.0236,0.9637,0.0127
test-1399,neutral,positive,0.0367,0.9545,0.0088
test-1400,positive,positive,0.0234,0.9669,0.0098
test-1401,negative,positive,0.0703,0.9201,0.0096
test-1402,positive,positive,0.0543,0.9367,0.009
test-1403,neutral,neutral,0.8538,0.0478,0.0984
test-1404,negative,negative,0.0372,0.0154,0.9474
test-1405,positive,positive,0.0548,0.9338,0.0114
test-1406,positive,neutral,0.6252,0.3295,0.0453
test-1407,positive,positive,0.0464,0.9441,0.0095
test-1408,negative,negative,0.0737,0.0147,0.9116
test-1409,neutral,positive,0.1439,0.8383,0.0178
test-1410,negative,neutral,0.6262,0.0239,0.3499
test-1411,negative,positive,0.1335,0.8248,0.0417
test-1412,negative,negative,0.081,0.0109,0.9081
test-1413,negative,neutral,0.7977,0.0373,0.1649
test-1414,negative,negative,0.0451,0.0163,0.9386
test-1415,neutral,negative,0.2521,0.0154,0.7324
test-1416,positive,positive,0.4574,0.5063,0.0363
test-1417,neutral,neutral,0.758,0.0956,0.1464
test-1418,positive,positive,0.037,0.9547,0.0083
test-1419,positive,positive,0.0603,0.9306,0.0091
test-1420,negative,negative,0.4823,0.022,0.4957
test-1421,negative,negative,0.0847,0.0099,0.9054
test-1422,negative,positive,0.0522,0.9334,0.0144
test-1423,neutral,positive,0.0882,0.877,0.0348
test-1424,positive,neutral,0.7197,0.2371,0.0432
test-1425,positive,positive,0.1012,0.8864,0.0124
test-1426,neutral,neutral,0.4927,0.4683,0.039
test-1427,neutral,positive,0.1706,0.8125,0.0169
test-1428,negative,negative,0.0461,0.0131,0.9408
test-1429,positive,negative,0.1506,0.0126,0.8368
test-1430,negative,negative,0.0427,0.0145,0.9427
test-1431,positive,neutral,0.8852,0.0507,0.0641
test-1432,neutral,neutral,0.8645,0.033,0.1025
test-1433,positive,positive,0.031,0.9577,0.0113
test-1434,neutral,neutral,0.5715,0.3913,0.0373
test-1435,neutral,neutral,0.8781,0.0629,0.0591
test-1436,negative,negative,0.1991,0.0132,0.7876
test-1437,positive,negative,0.407,0.019,0.574
test-1438,negative,negative,0.2382,0.0167,0.7451
test-1439,neutral,neutral,0.8748,0.0659,0.0593
test-1440,neutral,neutral,0.8531,0.0648,0.0822
test-1441,neutral,negative,0.4163,0.0321,0.5516
test-1442,negative,negative,0.0559,0.013,0.9311
test-1443,negative,negative,0.1468,0.0161,0.8372
test-1444,negative,negative,0.0424,0.0123,0.9454
test-1445,positive,positive,0.4148,0.5582,0.0269
test-1446,positive,positive,0.107,0.8722,0.0208
test-1447,neutral,negative,0.127,0.0256,0.8475
test-1448,negative,negative,0.0475,0.0138,0.9387
test-1449,positive,positive,0.0242,0.9648,0.0111
test-1450,negative,negative,0.331,0.0235,0.6455
test-1451,negative,negative,0.0372,0.0146,0.9482
test-1452,positive,negative,0.2867,0.0565,0.6568
test-1453,negative,negative,0.0448,0.0112,0.944
test-1454,positive,neutral,0.6406,0.0348,0.3246
test-1455,negative,positive,0.093,0.8907,0.0163
test-1456,positive,neutral,0.6818,0.2582,0.06
test-1457,negative,negative,0.3568,0.0267,0.6165
test-1458,negative,neutral,0.8159,0.0279,0.1562
test-1459,positive,positive,0.0555,0.927,0.0175
test-1460,negative,negative,0.1531,0.022,0.8249
test-1461,negative,negative,0.1677,0.0718,0.7605
test-1462,negative,negative,0.1846,0.0407,0.7747
test-1463,positive,positive,0.0389,0.9525,0.0086
test-1464,negative,negative,0.1681,0.0123,0.8196
test-1465,positive,negative,0.3517,0.019,0.6293
test-1466,negative,negative,0.0373,0.016,0.9467
test-1467,positive,positive,0.1622,0.8236,0.0142
test-1468,negative,positive,0.0822,0.8838,0.034
test-1469,negative,negative,0.0371,0.0163,0.9466
test-1470,negative,negative,0.0393,0.0119,0.9487
test-1471,negative,positive,0.0658,0.9232,0.0109
test-1472,positive,positive,0.0273,0.9629,0.0097
test-1473,positive,positive,0.4784,0.4936,0.0281
test-1474,neutral,negative,0.0442,0.0114,0.9444
test-1475,positive,positive,0.0306,0.96,0.0093
test-1476,negative,neutral,0.6493,0.0242,0.3265
test-1477,negative,positive,0.1177,0.8678,0.0145
test-1478,negative,positive,0.0242,0.9663,0.0095
test-1479,positive,negative,0.3346,0.0154,0.65
test-1480,negative,negative,0.04,0.0138,0.9462
test-1481,negative,positive,0.1105,0.8747,0.0148
test-1482,positive,positive,0.023,0.9649,0.0121
test-1483,negative,negative,0.0659,0.0124,0.9217
test-1484,negative,negative,0.4435,0.0216,0.5349
test-1485,positive,positive,0.0269,0.9627,0.0104
test-1486,neutral,positive,0.0986,0.8845,0.017
test-1487,negative,negative,0.0487,0.0182,0.9331
test-1488,neutral,neutral,0.8697,0.0835,0.0468
test-1489,positive,positive,0.0552,0.9344,0.0104
test-1490,neutral,neutral,0.5854,0.0395,0.375
test-1491,negative,neutral,0.8159,0.1366,0.0475
test-1492,positive,positive,0.0236,0.9646,0.0118
test-1493,positive,positive,0.2893,0.6913,0.0195
test-1494,positive,neutral,0.7041,0.2234,0.0725
test-1495,positive,positive,0.0264,0.9594,0.0142
test-1496,positive,positive,0.0721,0.9039,0.0241
test-1497,positive,negative,0.0627,0.0118,0.9254
test-1498,positive,positive,0.0373,0.9541,0.0087
test-1499,positive,neutral,0.7792,0.065,0.1558
test-1500,positive,positive,0.1275,0.8473,0.0252
test-1501,positive,positive,0.1011,0.886,0.0128
test-1502,positive,positive,0.0337,0.9576,0.0087
test-1503,neutral,neutral,0.9058,0.048,0.0462
test-1504,positive,positive,0.0718,0.9175,0.0107
test-1505,neutral,positive,0.0957,0.8907,0.0135
test-1506,negative,negative,0.0578,0.0102,0.9321
test-1507,positive,neutral,0.869,0.0391,0.0919
test-1508,positive,positive,0.1366,0.8461,0.0173
test-1509,negative,neutral,0.8742,0.0422,0.0836
test-1510,negative,negative,0.0379,0.0143,0.9478
test-1511,positive,neutral,0.8168,0.0506,0.1326
test-1512,positive,positive,0.0241,0.9645,0.0113
test-1513,neutral,negative,0.1247,0.0112,0.8641
test-1514,neutral,positive,0.0471,0.9429,0.01
test-1515,positive,neutral,0.6034,0.0278,0.3688
test-1516,positive,neutral,0.8346,0.0688,0.0966
test-1517,neutral,positive,0.0314,0.9594,0.0092
test-1518,negative,negative,0.0382,0.0139,0.9478
test-1519,negative,neutral,0.8636,0.0376,0.0988
test-1520,negative,positive,0.0392,0.9345,0.0263
test-1521,positive,neutral,0.8518,0.0975,0.0508
test-1522,neutral,neutral,0.507,0.2771,0.2159
test-1523,positive,neutral,0.8174,0.0565,0.1261
test-1524,negative,neutral,0.6478,0.0303,0.3219
test-1525,neutral,positive,0.0304,0.9605,0.0091
test-1526,positive,positive,0.0366,0.9447,0.0187
test-1527,neutral,positive,0.4446,0.528,0.0273
test-1528,negative,neutral,0.621,0.3443,0.0348
test-1529,negative,neutral,0.8421,0.0356,0.1223
test-1530,neutral,neutral,0.8041,0.1583,0.0376
test-1531,negative,negative,0.1317,0.0142,0.854
test-1532,positive,positive,0.0269,0.9637,0.0094
test-1533,negative,negative,0.2685,0.0187,0.7128
test-1534,negative,neutral,0.7578,0.118,0.1242
test-1535,neutral,neutral,0.8933,0.0445,0.0622
test-1536,positive,positive,0.0341,0.9571,0.0088
test-1537,positive,neutral,0.8245,0.0362,0.1393
test-1538,neutral,negative,0.0479,0.0125,0.9396
test-1539,negative,negative,0.1077,0.0239,0.8684
test-1540,negative,neutral,0.4482,0.2272,0.3246
test-1541,negative,neutral,0.7037,0.0502,0.2461
test-1542,negative,negative,0.0409,0.0135,0.9456
test-1543,neutral,neutral,0.5017,0.0233,0.475
test-1544,positive,positive,0.0275,0.963,0.0094
test-1545,positive,negative,0.0732,0.0113,0.9155
test-1546,negative,positive,0.0333,0.9571,0.0097
test-1547,negative,negative,0.3526,0.0238,0.6236
test-1548,negative,negative,0.0565,0.0121,0.9314
test-1549,negative,negative,0.0547,0.0099,0.9354
test-1550,positive,neutral,0.8855,0.0528,0.0617
test-1551,negative,neutral,0.782,0.0448,0.1732
test-1552,negative,positive,0.3724,0.5515,0.0761
test-1553,positive,positive,0.033,0.9579,0.0091
test-1554,neutral,neutral,0.5405,0.3003,0.1592
test-1555,positive,positive,0.0265,0.962,0.0116
test-1556,positive,positive,0.0264,0.9643,0.0093
test-1557,positive,positive,0.2398,0.7181,0.0421
test-1558,negative,negative,0.0425,0.0126,0.9449
test-1559,negative,negative,0.0359,0.0157,0.9484
test-1560,positive,positive,0.0978,0.8897,0.0125
test-1561,neutral,neutral,0.5399,0.0194,0.4407
test-1562,positive,positive,0.0929,0.895,0.0122
test-1563,negative,positive,0.2187,0.7648,0.0165
test-1564,positive,positive,0.0269,0.9641,0.009
test-1565,negative,negative,0.0475,0.0127,0.9398
test-1566,negative,neutral,0.6985,0.1375,0.164
test-1567,neutral,neutral,0.8406,0.069,0.0904
test-1568,negative,neutral,0.8529,0.0815,0.0655
test-1569,negative,negative,0.0558,0.0121,0.9321
test-1570,negative,positive,0.0282,0.9607,0.0111
test-1571,negative,neutral,0.8591,0.05,0.0909
test-1572,neutral,neutral,0.515,0.4545,0.0306
test-1573,positive,positive,0.0237,0.9662,0.0101
test-1574,negative,negative,0.3383,0.0406,0.621
test-1575,neutral,neutral,0.8658,0.0861,0.0481
test-1576,neutral,neutral,0.6231,0.3414,0.0354
test-1577,negative,negative,0.1339,0.0237,0.8424
test-1578,neutral,neutral,0.4946,0.4592,0.0462
test-1579,positive,positive,0.031,0.9577,0.0113
test-1580,negative,negative,0.0382,0.0155,0.9463
test-1581,negative,negative,0.0544,0.0115,0.9341
test-1582,positive,positive,0.1408,0.8469,0.0123
test-1583,negative,positive,0.1267,0.8424,0.0309
test-1584,negative,neutral,0.7263,0.0256,0.2481
test-1585,negative,negative,0.0501,0.0115,0.9383
